2024-08-15 17:46:39.590263,how to fly,https://www.youtube.com/watch?v=fAbYbBNbkw4,2
2024-08-15 17:49:18.684554,how to fly,https://steamcommunity.com/app/242760/discussions/0/1743354432804403660/,2
2024-08-15 17:49:32.248900,how to fly,https://www.reddit.com/r/howto/comments/1aeqf7r/how_to_fly_on_a_plane/,1
2024-08-15 17:49:35.388372,how to fly,https://exomtngear.com/blogs/article/how-to-fly-with-a-hunting-rifle,0
2024-08-15 17:49:42.557932,how to fly,https://forums.flightsimulator.com/t/how-to-fly-the-hughes-h-4-hercules/557496,1
2024-08-15 17:49:50.222823,how to fly,https://www.outsideonline.com/culture/active-families/teach-your-kids-fly-fish/,0
2024-08-15 17:49:56.219560,how to fly,https://forums.warframe.com/topic/862500-how-to-fly-on-the-plains-of-eidolon/,0
2024-08-15 17:50:01.071258,how to fly,https://old-forum.warthunder.com/index.php?/topic/486717-how-to-fly-a-plane-in-tank-battles/,0
2024-08-15 17:50:06.986472,how to fly,https://www.youtube.com/watch?v=shQTx6-bacE,0
2024-08-15 17:50:12.187217,how to fly,https://www.flyfisherman.com/editorial/how-to-fly-fish-muskies/454245,0
2024-08-15 17:50:15.823623,how to fly,https://www.youtube.com/watch?v=hKX9rEEgb0I,0
2024-08-15 17:50:23.315770,how to fly,https://www.hatchmag.com/articles/how-fly-fish-tight-low-skinny-water/7715302,0
2024-08-15 17:50:25.729711,how to fly,https://forum.dji.com/thread-310140-1-1.html,0
2024-08-15 17:50:27.953653,how to fly,https://www.trainerroad.com/blog/how-to-fly-with-your-bike-the-ultimate-guide/,0
2024-08-15 17:50:29.458852,how to fly,https://news.orvis.com/fly-fishing/video-how-to-attach-fly-line-to-the-backing-on-a-reel,0
2024-08-15 17:50:30.823970,how to fly,https://www.quora.com/How-do-I-fly-internationally-with-marijuana,0
2024-08-15 17:50:33.248648,how to fly,https://hypixel.net/threads/guide-how-to-fly-on-your-own-island.2815567/,0
2024-08-15 17:50:34.464204,how to fly,https://www.scq.ubc.ca/how-to-fly/,0
2024-08-15 17:50:35.846735,how to fly,https://howtoflyfish.orvis.com/how-to-articles/saltwater-fishing-articles/cast-better-into-the-wind,0
2024-08-15 17:50:38.244809,how to fly,https://www.discussfastpitch.com/threads/how-to-fly-with-softball-gear.43498/,0
