2024-08-15 17:43:01.488905,how to fly,https://www.youtube.com/watch?v=fAbYbBNbkw4,"Apr 30, 2017 ... How to fly in real life! I found this awesome hidden ability! all you have to do is say YTIVARG! then you can fly! This is a funny video!",1
2024-08-15 17:43:01.488991,how to fly,https://www.reddit.com/r/howto/comments/1aeqf7r/how_to_fly_on_a_plane/,"Jan 30, 2024 ... Go to the ticket counter of your chosen airline to check in and check your bags. Then go through security to the terminal you leave from, this ...",2
2024-08-15 17:43:01.489032,how to fly,https://www.youtube.com/watch?v=shQTx6-bacE,"Feb 26, 2022 ... You don't tend to see many people flying around in the air these days. This tutorial has been designed to take flight to the mass marked as ...",3
2024-08-15 17:43:01.489055,how to fly,https://www.flyfisherman.com/editorial/how-to-fly-fish-muskies/454245,"Nov 22, 2021 ... Recommended ... I generally use larger flies from 8 to 15 inches to make the fly noticeable, and to make it worthwhile for muskies to pursue.",4
2024-08-15 17:43:01.489075,how to fly,https://www.youtube.com/watch?v=hKX9rEEgb0I,"Oct 30, 2013 ... LEKKERBOY out now: http://stickyfingerstheband.com/lekkerboy Watch Lupo The Wolf music clip: http://youtu.be/YDLexgtgtbc Connect with StiFi: ...",5
2024-08-15 17:43:01.489093,how to fly,https://www.hatchmag.com/articles/how-fly-fish-tight-low-skinny-water/7715302,"Jul 5, 2021 ... Dap your flies behind, to the sides, and in front of every rock. Do so from a high vantage point, but stay low and hidden enough that your ...",6
2024-08-15 17:43:01.489112,how to fly,https://exomtngear.com/blogs/article/how-to-fly-with-a-hunting-rifle,"Aug 14, 2022 ... Yes, it is perfectly fine to pack both firearms in the same case. The same rules apply to both rifles and handguns — they must be declared, must ...",7
2024-08-15 17:43:01.489129,how to fly,https://forums.flightsimulator.com/t/how-to-fly-the-hughes-h-4-hercules/557496,"Nov 15, 2022 ... Landing flat is pretty good. Full flaps only when your seconds away from landing as it can cause a stall and you'll hit the water really hard.",8
2024-08-15 17:43:01.489145,how to fly,https://steamcommunity.com/app/242760/discussions/0/1743354432804403660/,"Dec 11, 2018 ... The gist of it is: jump off a ledge and once you begin to 'fly' let off S and W and glide down. You want the glider to be about level to the ...",9
2024-08-15 17:43:01.489162,how to fly,https://www.scq.ubc.ca/how-to-fly/,"Oct 14, 2020 ... ""The knack of flying is learning how to throw yourself at the ground and miss"" With these words, Douglas Adams helpfully explained concept ...",10
2024-08-15 17:43:01.489178,how to fly,https://forum.dji.com/thread-310140-1-1.html,Tutorials & Tips ... Products ... Works ... Events ... Service ... Mavic Pro ... Phantom 4 Pro ... Inspire 2 ... firmware ... shipping ... update ... tips ... calibration ... Osmo.,11
2024-08-15 17:43:01.489194,how to fly,https://www.outsideonline.com/culture/active-families/teach-your-kids-fly-fish/,"Jun 14, 2019 ... Teach them how to bring the rod back, keep the line up high, load it, and then cast it forward. Tie a big, bushy fly on the end of the tippet and clip off the ...",12
2024-08-15 17:43:01.489211,how to fly,https://forums.warframe.com/topic/862500-how-to-fly-on-the-plains-of-eidolon/,"Oct 19, 2017 ... 1. Obtain and level up Titania. 2. Equip Titania when playing on PoE. 3. Press 4 to enter an Archwing mode where you can't get knocked out of the sky.",13
2024-08-15 17:43:01.489226,how to fly,https://www.trainerroad.com/blog/how-to-fly-with-your-bike-the-ultimate-guide/,"Flying with a bike can be intimidating, but with some simple tips and an understanding of your airline's policies it's easier than you'd think.",14
2024-08-15 17:43:01.489242,how to fly,https://news.orvis.com/fly-fishing/video-how-to-attach-fly-line-to-the-backing-on-a-reel,"Mar 10, 2022 ... In this video, Joe Rotter from Red's Fly Shop demonstrates his time-tested way of creating a large loop in the end of the backing to marry with a loop at the ...",15
2024-08-15 17:43:01.489258,how to fly,https://howtoflyfish.orvis.com/how-to-articles/saltwater-fishing-articles/cast-better-into-the-wind,"Practice on windy days, and cast with the wind in your face and from odd angles. You never know when you're in the flats boat which way the wind will be ...",16
2024-08-15 17:43:01.489274,how to fly,https://old-forum.warthunder.com/index.php?/topic/486717-how-to-fly-a-plane-in-tank-battles/,"May 15, 2020 ... You need to have an aircraft in your lineup with tanks. When joining a match, you need to spawn with a tank and collect enough spawn points through playing the ...",17
2024-08-15 17:43:01.489291,how to fly,https://www.quora.com/How-do-I-fly-internationally-with-marijuana,"Apr 18, 2017 ... You can carry a hefty amount of marijuana onto an airplane in your bloodstream. Just be careful with edibles and tinctures. I made a VERY strong ...",18
2024-08-15 17:43:01.489307,how to fly,https://www.discussfastpitch.com/threads/how-to-fly-with-softball-gear.43498/,"May 27, 2022 ... The best travel bag designed for softball use is the Bownet Commander. It can handle all the gear you need to bring plus plenty of clothes, especially for the ...",19
2024-08-15 17:43:01.489324,how to fly,https://hypixel.net/threads/guide-how-to-fly-on-your-own-island.2815567/,"Apr 24, 2020 ... Under the Farming recipes in your Skyblock menu you can craft a special Magical Mushroom Soup Soup.jpg , this soup will grant you two minuets of fly at a time.",20
